[
    {
        "pk": 1, 
        "model": "auth.user", 
        "fields": {
            "username": "yariv", 
            "first_name": "yariv", 
            "last_name": "katz", 
            "is_active": true, 
            "is_superuser": true, 
            "is_staff": true, 
            "last_login": "2013-11-12T15:02:10.419Z", 
            "groups": [], 
            "user_permissions": [], 
            "password": "pbkdf2_sha256$10000$BfwmjoRHreI7$BNNRza87A+VIzSE6I4AtoIDlAWr0lgIFyZ+ELqKMpxg=", 
            "email": "yariv@nerdeez.com", 
            "date_joined": "2013-11-07T13:20:47.037Z"
        }
    },
    {
    "pk": 1, 
    "model": "ltg_backend_app.userprofile", 
    "fields": {
        "uuid": "f5861c66ab064a35b928bf7cd262d0", 
        "user": 1, 
        "modified_data": "2014-04-24T12:14:12.265Z", 
        "is_anonymous": false, 
        "creation_date": "2014-04-24T12:14:12Z"
    	}
	},
    {
        "pk": 1, 
        "model": "tastypie.apikey", 
        "fields": {
            "user": 1, 
            "key": "12345678", 
            "created": "2013-11-11T16:29:54.453Z"
        }
    },
    {
    "pk": 1, 
    "model": "ltg_backend_app.scoretable", 
    "fields": {
        "percentile": "0.00", 
        "score": 205
    }
	},
	{
	    "pk": 2, 
	    "model": "ltg_backend_app.scoretable", 
	    "fields": {
	        "percentile": "1.00", 
	        "score": 230
	    }
	},
	{
	    "pk": 3, 
	    "model": "ltg_backend_app.scoretable", 
	    "fields": {
	        "percentile": "2.00", 
	        "score": 260
	    }
	},
	{
	    "pk": 4, 
	    "model": "ltg_backend_app.scoretable", 
	    "fields": {
	        "percentile": "100.00", 
	        "score": 800
	    }
	},
	{
	    "pk": 1, 
	    "model": "ltg_backend_app.attempt", 
	    "fields": {
	        "attempt": 1, 
	        "modified_data": "2014-04-17T14:24:15.825Z", 
	        "question": 1, 
	        "creation_date": "2014-04-17T14:24:15Z", 
	        "duration": "0:00:44", 
	        "user_profile": 1, 
	        "answer": 2
		}
	},
	{
	    "pk": 2, 
	    "model": "ltg_backend_app.attempt", 
	    "fields": {
	        "attempt": 1, 
	        "modified_data": "2014-04-17T14:24:15.827Z", 
	        "question": 2, 
	        "creation_date": "2014-04-17T14:24:15Z", 
	        "duration": "0:00:59", 
	        "user_profile": 1, 
	        "answer": 2
	    }
	},
	{
	    "pk": 3, 
	    "model": "ltg_backend_app.attempt", 
	    "fields": {
	        "attempt": 2, 
	        "modified_data": "2014-04-17T14:24:15.829Z", 
	        "question": 1, 
	        "creation_date": "2014-04-17T14:24:15Z", 
	        "duration": "0:00:45", 
	        "user_profile": 1, 
	        "answer": 4
	    }
	},
	{
	    "pk": 4, 
	    "model": "ltg_backend_app.attempt", 
	    "fields": {
	        "attempt": 2, 
	        "modified_data": "2014-04-17T14:24:15.830Z", 
	        "question": 2, 
	        "creation_date": "2014-04-17T14:24:15Z", 
	        "duration": "0:01:09", 
	        "user_profile": 1, 
	        "answer": 3
	    }
	},
	{
	    "pk": 1, 
	    "model": "ltg_backend_app.question", 
	    "fields": {
	        "answer": 1, 
	        "index": 1, 
	        "modified_data": "2014-04-17T12:16:49.329Z", 
	        "creation_date": "2014-04-17T12:16:49Z"
	    }
	},
	{
	    "pk": 2, 
	    "model": "ltg_backend_app.question", 
	    "fields": {
	        "answer": 2, 
	        "index": 2, 
	        "modified_data": "2014-04-17T12:16:49.332Z", 
	        "creation_date": "2014-04-17T12:16:49Z"
	    }
	},
	{
	    "pk": 1, 
	    "model": "ltg_backend_app.concept", 
	    "fields": {
	        "title": "Fractions", 
	        "modified_data": "2014-04-27T06:58:33.925Z", 
	        "questions": [], 
	        "creation_date": "2014-04-27T06:58:33Z"
	    }
	},
	{
	    "pk": 2, 
	    "model": "ltg_backend_app.concept", 
	    "fields": {
	        "title": "Decimals", 
	        "modified_data": "2014-04-27T06:58:33.925Z", 
	        "questions": [], 
	        "creation_date": "2014-04-27T06:58:33Z"
	    }
	},
	{
	    "pk": 3, 
	    "model": "ltg_backend_app.concept", 
	    "fields": {
	        "title": "Real Numbers", 
	        "modified_data": "2014-04-27T06:58:33.925Z", 
	        "questions": [], 
	        "creation_date": "2014-04-27T06:58:33Z"
	    }
	},
	{
	    "pk": 4, 
	    "model": "ltg_backend_app.concept", 
	    "fields": {
	        "title": "Properties of Integers", 
	        "modified_data": "2014-04-27T06:58:33.925Z", 
	        "questions": [], 
	        "creation_date": "2014-04-27T06:58:33Z"
	    }
	},
	{
	    "pk": 5, 
	    "model": "ltg_backend_app.concept", 
	    "fields": {
	        "title": "Ration & Proportions", 
	        "modified_data": "2014-04-27T06:58:33.925Z", 
	        "questions": [], 
	        "creation_date": "2014-04-27T06:58:33Z"
	    }
	},
	{
	    "pk": 6, 
	    "model": "ltg_backend_app.concept", 
	    "fields": {
	        "title": "Percents", 
	        "modified_data": "2014-04-27T06:58:33.925Z", 
	        "questions": [], 
	        "creation_date": "2014-04-27T06:58:33Z"
	    }
	},
	{
	    "pk": 7, 
	    "model": "ltg_backend_app.concept", 
	    "fields": {
	        "title": "Powers & Roots of Numbers", 
	        "modified_data": "2014-04-27T06:58:33.925Z", 
	        "questions": [], 
	        "creation_date": "2014-04-27T06:58:33Z"
	    }
	},
	{
	    "pk": 8, 
	    "model": "ltg_backend_app.concept", 
	    "fields": {
	        "title": "Descriptive Statistics", 
	        "modified_data": "2014-04-27T06:58:33.925Z", 
	        "questions": [], 
	        "creation_date": "2014-04-27T06:58:33Z"
	    }
	},
	{
	    "pk": 9, 
	    "model": "ltg_backend_app.concept", 
	    "fields": {
	        "title": "Sets", 
	        "modified_data": "2014-04-27T06:58:33.925Z", 
	        "questions": [], 
	        "creation_date": "2014-04-27T06:58:33Z"
	    }
	},
	{
	    "pk": 10, 
	    "model": "ltg_backend_app.concept", 
	    "fields": {
	        "title": "Counting Methods", 
	        "modified_data": "2014-04-27T06:58:33.925Z", 
	        "questions": [], 
	        "creation_date": "2014-04-27T06:58:33Z"
	    }
	},
	{
	    "pk": 11, 
	    "model": "ltg_backend_app.concept", 
	    "fields": {
	        "title": "Discrete Probability", 
	        "modified_data": "2014-04-27T06:58:33.925Z", 
	        "questions": [], 
	        "creation_date": "2014-04-27T06:58:33Z"
	    }
	},
	{
	    "pk": 1, 
	    "model": "ltg_backend_app.section", 
	    "fields": {
	        "title": "SC", 
	        "modified_data": "2014-04-24T13:08:03.198Z", 
	        "questions": [], 
	        "creation_date": "2014-04-24T13:08:03Z"
	    }
	},
	{
	    "pk": 2, 
	    "model": "ltg_backend_app.section", 
	    "fields": {
	        "title": "RC", 
	        "modified_data": "2014-04-24T13:08:41.161Z", 
	        "questions": [], 
	        "creation_date": "2014-04-24T13:08:41Z"
	    }
	},
	{
	    "pk": 3, 
	    "model": "ltg_backend_app.section", 
	    "fields": {
	        "title": "CR", 
	        "modified_data": "2014-04-24T13:08:47.372Z", 
	        "questions": [], 
	        "creation_date": "2014-04-24T13:08:47Z"
	    }
	},
	{
	    "pk": 4, 
	    "model": "ltg_backend_app.section", 
	    "fields": {
	        "title": "DS", 
	        "modified_data": "2014-04-24T13:08:51.897Z", 
	        "questions": [], 
	        "creation_date": "2014-04-24T13:08:51Z"
	    }
	},
	{
	    "pk": 5, 
	    "model": "ltg_backend_app.section", 
	    "fields": {
	        "title": "PS", 
	        "modified_data": "2014-04-24T13:08:58.897Z", 
	        "questions": [], 
	        "creation_date": "2014-04-24T13:08:58Z"
	    }
	},
	{
    "pk": 2, 
    "model": "ltg_backend_app.conceptscore", 
    "fields": {
        "question_set_attempt": 23, 
        "concept": 1, 
        "score": 550, 
        "modified_data": "2014-04-27T07:02:30.465Z", 
        "creation_date": "2014-04-27T07:02:30Z"
    	}
	},
	{
	    "pk": 3, 
	    "model": "ltg_backend_app.conceptscore", 
	    "fields": {
	        "question_set_attempt": 23, 
	        "concept": 2, 
	        "score": 636, 
	        "modified_data": "2014-04-27T07:02:34.488Z", 
	        "creation_date": "2014-04-27T07:02:34Z"
	    }
	},
	{
	    "pk": 1, 
	    "model": "ltg_backend_app.sectionscore", 
	    "fields": {
	        "question_set_attempt": 1, 
	        "section": 1, 
	        "score": 500, 
	        "modified_data": "2014-04-24T13:37:22.043Z", 
	        "creation_date": "2014-04-24T13:37:22Z"
	    }
	},
	{
	    "pk": 2, 
	    "model": "ltg_backend_app.sectionscore", 
	    "fields": {
	        "question_set_attempt": 2, 
	        "section": 2, 
	        "score": 554, 
	        "modified_data": "2014-04-24T13:37:39.983Z", 
	        "creation_date": "2014-04-24T13:37:39Z"
	    }
	},
	{
	    "pk": 4, 
	    "model": "ltg_backend_app.sectionscore", 
	    "fields": {
	        "question_set_attempt": 11, 
	        "section": 4, 
	        "score": 450, 
	        "modified_data": "2014-04-24T13:41:19.049Z", 
	        "creation_date": "2014-04-24T13:41:19Z"
	    }
	},
	{
	    "pk": 5, 
	    "model": "ltg_backend_app.sectionscore", 
	    "fields": {
	        "question_set_attempt": 18, 
	        "section": 4, 
	        "score": 450, 
	        "modified_data": "2014-04-24T14:59:51.194Z", 
	        "creation_date": "2014-04-24T14:59:51Z"
	    }
	},
	{
	    "pk": 6, 
	    "model": "ltg_backend_app.sectionscore", 
	    "fields": {
	        "question_set_attempt": 19, 
	        "section": 4, 
	        "score": 450, 
	        "modified_data": "2014-04-24T15:00:05.206Z", 
	        "creation_date": "2014-04-24T15:00:05Z"
	    }
	},
	{
	    "pk": 7, 
	    "model": "ltg_backend_app.sectionscore", 
	    "fields": {
	        "question_set_attempt": 19, 
	        "section": 4, 
	        "score": 450, 
	        "modified_data": "2014-04-24T15:00:15.206Z", 
	        "creation_date": "2014-04-24T15:00:15Z"
	    }
	},
	{
	    "pk": 8, 
	    "model": "ltg_backend_app.sectionscore", 
	    "fields": {
	        "question_set_attempt": 20, 
	        "section": 4, 
	        "score": 450, 
	        "modified_data": "2014-04-24T15:01:05.392Z", 
	        "creation_date": "2014-04-24T15:01:05Z"
	    }
	},
	{
	    "pk": 9, 
	    "model": "ltg_backend_app.sectionscore", 
	    "fields": {
	        "question_set_attempt": 21, 
	        "section": 4, 
	        "score": 450, 
	        "modified_data": "2014-04-24T15:29:10.248Z", 
	        "creation_date": "2014-04-24T15:29:10Z"
	    }
	},
	{
	    "pk": 10, 
	    "model": "ltg_backend_app.sectionscore", 
	    "fields": {
	        "question_set_attempt": 21, 
	        "section": 4, 
	        "score": 450, 
	        "modified_data": "2014-04-24T15:29:12.979Z", 
	        "creation_date": "2014-04-24T15:29:12Z"
	    }
	},
	{
    "pk": 1, 
    "model": "ltg_backend_app.questionsetattempt", 
    "fields": {
        "modified_data": "2014-04-24T13:36:01.427Z", 
        "creation_date": "2014-04-24T13:36:01Z"
    	}
	},
	{
	    "pk": 2, 
	    "model": "ltg_backend_app.questionsetattempt", 
	    "fields": {
	        "modified_data": "2014-04-24T13:36:11.242Z", 
	        "creation_date": "2014-04-24T13:36:11Z"
	    }
	},
	{
	    "pk": 3, 
	    "model": "ltg_backend_app.questionsetattempt", 
	    "fields": {
	        "modified_data": "2014-04-24T13:36:12.107Z", 
	        "creation_date": "2014-04-24T13:36:12Z"
	    }
	},
	{
	    "pk": 4, 
	    "model": "ltg_backend_app.questionsetattempt", 
	    "fields": {
	        "modified_data": "2014-04-24T13:36:12.929Z", 
	        "creation_date": "2014-04-24T13:36:12Z"
	    }
	},
	{
	    "pk": 5, 
	    "model": "ltg_backend_app.questionsetattempt", 
	    "fields": {
	        "modified_data": "2014-04-24T13:36:13.594Z", 
	        "creation_date": "2014-04-24T13:36:13Z"
	    }
	},
	{
	    "pk": 6, 
	    "model": "ltg_backend_app.questionsetattempt", 
	    "fields": {
	        "modified_data": "2014-04-24T13:36:14.324Z", 
	        "creation_date": "2014-04-24T13:36:14Z"
	    }
	},
	{
	    "pk": 7, 
	    "model": "ltg_backend_app.questionsetattempt", 
	    "fields": {
	        "modified_data": "2014-04-24T13:36:14.876Z", 
	        "creation_date": "2014-04-24T13:36:14Z"
	    }
	},
	{
	    "pk": 8, 
	    "model": "ltg_backend_app.questionsetattempt", 
	    "fields": {
	        "modified_data": "2014-04-24T13:36:23.676Z", 
	        "creation_date": "2014-04-24T13:36:23Z"
	    }
	},
	{
	    "pk": 9, 
	    "model": "ltg_backend_app.questionsetattempt", 
	    "fields": {
	        "modified_data": "2014-04-24T13:36:25.300Z", 
	        "creation_date": "2014-04-24T13:36:25Z"
	    }
	},
	{
	    "pk": 10, 
	    "model": "ltg_backend_app.questionsetattempt", 
	    "fields": {
	        "modified_data": "2014-04-24T13:36:25.894Z", 
	        "creation_date": "2014-04-24T13:36:25Z"
	    }
	},
	{
	    "pk": 11, 
	    "model": "ltg_backend_app.questionsetattempt", 
	    "fields": {
	        "modified_data": "2014-04-24T13:40:23.900Z", 
	        "creation_date": "2014-04-24T13:40:23Z"
	    }
	},
	{
	    "pk": 12, 
	    "model": "ltg_backend_app.questionsetattempt", 
	    "fields": {
	        "modified_data": "2014-04-24T14:37:50.437Z", 
	        "creation_date": "2014-04-24T14:37:50Z"
	    }
	},
	{
	    "pk": 13, 
	    "model": "ltg_backend_app.questionsetattempt", 
	    "fields": {
	        "modified_data": "2014-04-24T14:41:38.681Z", 
	        "creation_date": "2014-04-24T14:41:38Z"
	    }
	},
	{
	    "pk": 14, 
	    "model": "ltg_backend_app.questionsetattempt", 
	    "fields": {
	        "modified_data": "2014-04-24T14:57:51.342Z", 
	        "creation_date": "2014-04-24T14:57:51Z"
	    }
	},
	{
	    "pk": 15, 
	    "model": "ltg_backend_app.questionsetattempt", 
	    "fields": {
	        "modified_data": "2014-04-24T14:58:00.655Z", 
	        "creation_date": "2014-04-24T14:58:00Z"
	    }
	},
	{
	    "pk": 16, 
	    "model": "ltg_backend_app.questionsetattempt", 
	    "fields": {
	        "modified_data": "2014-04-24T14:58:39.311Z", 
	        "creation_date": "2014-04-24T14:58:39Z"
	    }
	},
	{
	    "pk": 17, 
	    "model": "ltg_backend_app.questionsetattempt", 
	    "fields": {
	        "modified_data": "2014-04-24T14:59:14.796Z", 
	        "creation_date": "2014-04-24T14:59:14Z"
	    }
	},
	{
	    "pk": 18, 
	    "model": "ltg_backend_app.questionsetattempt", 
	    "fields": {
	        "modified_data": "2014-04-24T14:59:48.920Z", 
	        "creation_date": "2014-04-24T14:59:48Z"
	    }
	},
	{
	    "pk": 19, 
	    "model": "ltg_backend_app.questionsetattempt", 
	    "fields": {
	        "modified_data": "2014-04-24T14:59:56.674Z", 
	        "creation_date": "2014-04-24T14:59:56Z"
	    }
	},
	{
	    "pk": 20, 
	    "model": "ltg_backend_app.questionsetattempt", 
	    "fields": {
	        "modified_data": "2014-04-24T15:01:03.874Z", 
	        "creation_date": "2014-04-24T15:01:03Z"
	    }
	},
	{
	    "pk": 21, 
	    "model": "ltg_backend_app.questionsetattempt", 
	    "fields": {
	        "modified_data": "2014-04-24T15:28:56.477Z", 
	        "creation_date": "2014-04-24T15:28:56Z"
	    }
	},
	{
	    "pk": 22, 
	    "model": "ltg_backend_app.questionsetattempt", 
	    "fields": {
	        "modified_data": "2014-04-27T07:01:02.064Z", 
	        "creation_date": "2014-04-27T07:01:02Z"
	    }
	},
	{
	    "pk": 23, 
	    "model": "ltg_backend_app.questionsetattempt", 
	    "fields": {
	        "modified_data": "2014-04-27T07:02:12.387Z", 
	        "creation_date": "2014-04-27T07:02:12Z"
   	 	}
	}	
]
